  ,微博                 ,百度               ,知乎                                                   ,头条                ,抖音            ,神马             ,360
1 ,心疼吴凡               ,习近平这样指导农业科技工作    ,拜登宣布免除数千亿美元学生贷款，不少分析师表示此举是「为选票给通胀火上浇油」，如何评价这一举措？     ,湘雅二医院医生刘翔峰被查      ,北碚山火明火已有效封控   ,内马尔:明年最后一届世界杯  ,台军向无人机丢石头
2 ,重庆山火               ,湘雅二院医生刘翔峰被查      ,从一房难求到一客难求，郑州房东降价 40% 仍难租，这反应出哪些问题？                  ,刘翔峰被举报为何引关注？媒体起底  ,平顶山怪鱼仍未捉到     ,北京漫天晚霞与月牙同框    ,拍婚纱照遭雷击去世
3 ,这些娃儿侠肝义胆           ,媒体：如此大费周章抓一条鱼值得吗 ,新人在云南拍婚纱照时新郎疑遭雷击身亡，玉龙雪山官方已通报证实，什么样的环境容易发生雷击？         ,中国最北高铁站正式开工建设     ,人社部：支持帮助青年就业创业,山西暴雨800头猪被淹仅剩2头,科比遗体照泄露案
4 ,加拿大直接向俄罗斯交还涡轮机     ,中国女排亚洲杯四连胜       ,海关总署 8 月 31 日启用第九版健康申明卡，将取消对出入境人员核酸检测信息，如何看待相关调整？    ,侠客岛：湘雅刘翔峰背后是医院管理混乱,湘雅二院医生刘翔峰被查   ,父母乐观讨论女儿成绩14分  ,华莱士汉堡吃出蟑螂
5 ,美人鱼原型在中国灭绝         ,媒体：多次举报不倒 湘雅刘翔峰是谁,宁波外教杀害女学生案二审「驳回上诉，维持死刑原判」，有哪些警示作用？                   ,国务院督查组赴地方暗访 现场曝光  ,业主拒交停车费和保安起冲突 ,全球约2.8亿人患抑郁症   ,搜索十周年庆抽大奖
6 ,熊孩子家长电影院踢人导致观众疑似脑震荡,iPhone手机15年拍照进化  ,索尼宣布 PS5 定价上涨，国行版本上调 400 元，而美国地区不涨价，你如何看待这一决策？       ,官方通报新郎拍婚纱照遭雷击去世   ,姿态求婚成功        ,从高空看山西水灾有多严重   ,无追破亿
7 ,觞阙结黎 甜             ,四川旱情后遇强降雨 河流水位猛涨 ,我妈送了个 Switch 做我的生日礼物因为不懂买了个国行的，我家本来不富裕我又不怎么玩，不知道要不要卖？,女子影院被孩童家长踹伤？警方调查  ,中国男篮vs哈萨克斯坦男篮 ,山西洪灾 省长:严防群死群伤 ,上海3人被行政处罚
8 ,野球帝                ,南航回应超售致女子无法登机    ,加拿大应德国要求，将还给俄方北溪 1 号所有涡轮机，这背后释放了哪些信息？                ,专家称汝州抓捕怪鱼挺失败的     ,救援队进洞围捕鳄雀鳝    ,吴京又被逼捐了        ,麦当劳招聘退休人员
9 ,男子华莱士汉堡中吃出2只炸熟蟑螂   ,安倍遭暗杀调查结果公布      ,李小龙女儿起诉真功夫一案开庭，原告要求真功夫停止使用李小龙形象并赔偿 2.1 亿元，案件可能会如何判？  ,俄国防部确认袭击乌克兰小镇火车站  ,王鹤棣客串过二十不惑    ,印军不时侵扰我方巡边线    ,新一期男足排名公布
10,影院回应女子被孩家长踹成脑震荡    ,殡仪馆、火葬场日结工资上千？   ,女生在什么时候怀孕损失最小？                                       ,出入境人员无需再申报核检信息    ,花海宫本武藏抢龙      ,纽卡有了沙特＂金主＂球迷狂喜 ,乌火车站遭俄袭击
11,程少商与过去和解           ,胡锡进谈中国女排戴口罩比赛    ,如何评价北碚山火中的重庆人民？                                      ,重庆一山火志愿者被无人机割伤头部  ,科比遗体照泄露案宣判    ,福建莆田发生重大刑事案    ,张天爱锤徐开骋出轨
12,快乐再出发豆瓣升至9.7分      ,湘雅二院启动专项行动改进医疗作风 ,2022 LPL 夏季季后赛 EDG 3:1 LNG 晋级败者组决赛，如何评价这场比赛？         ,国防部介绍今年下半年征兵工作情况  ,安倍遭暗杀调查结果公布   ,印媒造谣解放军＂越线被扣＂  ,女子外出9天没关火
13,小猫被困井下一年获救还是胖乎乎    ,救援队划皮艇背氧气瓶围捕鳄雀鳝  ,长的好看是种怎样的体验？                                         ,南京遇害女大学生父亲：望维持原判  ,美军在叙利亚被火箭弹袭击  ,美国夏威夷发生6.2级地震  ,古力娜扎否认是小三
14,1岁婴儿吞5枚电池10小时后取出   ,重庆山火救援车掉下百米山坡    ,如何评价钢琴家王羽佳的演奏水平？如果她换一种穿衣风格，会取得今天的名气吗？                ,河南汝州救援队进洞围捕鳄雀鳝    ,青岛6岁坠井男童不幸身亡  ,台湾课本辛亥革命只剩364字 ,浪莎向李易峰道歉
15,上海殡仪馆回应月薪4万8招扛尸工   ,官方：出入境人员无需再申报核检信息,湘雅二院医生刘翔峰「涉嫌严重违法」被查，若其医疗作风问题属实，将承担哪些责任？              ,新郎遭雷击 目击者：脚尖感受到电击 ,全军统一制发军士警士证件  ,一绑架案牵出医卫系统窝案   ,微信一次发99张图
16,小伙缅北目睹诈骗团伙打死室友     ,成都免费取水冰柜里的水越取越多  ,2022 年 6 月英语四六级成绩公布了，你们考得怎么样，查分感觉如何？                 ,中国代表：决不允许世界滑向新冷战  ,被苍兰诀巽风的脚丫笑到   ,女硕士网恋陷杀猪盘被骗58万 ,上海新增1例社会面
17,重庆上山救火的老外找到了       ,重庆人等的雨终于来了       ,徐开骋发文道歉并梳理恋爱时间线，称「我真心爱过，也从未后悔」，你能接受他的道歉吗？            ,外媒：儒艮在中国被宣布功能性灭绝  ,四川旱情后遇强降雨     ,中方看不下去对印媒说两字   ,女排亚洲杯四连胜
18,警方回应女子影院被家长踹伤      ,采耳诈骗现身太原街头       ,《福尔摩斯》原著里头的房东太太为什么会像个仆人一样伺候她的租客？                     ,抗旱关头抽干湖水抓怪鱼引网友质疑  ,美少女八分钟噶一只羊    ,法国夺得欧国联冠军      ,6岁男童坠井身亡
19,普京签令俄武装力量扩军        ,新娘穿自己设计全粉婚纱引热议   ,哪一个瞬间你觉得自己应该离职了？                                     ,美军空袭叙境内设施细节曝光     ,刘庸回国闪现烟台      ,男子被开除后连划50辆车泄愤 ,花5万网购豪车路虎
20,湘雅二院医生刘翔峰被查        ,芬兰女总理哽咽：我是人 也想找乐子,想写个好人，怎么避免把他写得圣母？                                    ,众星发文为重庆山火祈福       ,罚罪开播          ,国足抵达沙特进行首次训练   ,重庆一野猴抓伤多人
