  ,微博               ,百度                ,知乎                                               ,头条                ,抖音              ,神马             ,360
1 ,虞书欣镜头外还在哭        ,数据说话：中国经济稳定性何来？   ,梅德韦杰夫列出俄使用核武的 4 大依据，哪些信息值得关注？                    ,官方解读中美审计监管合作协议达成  ,张大千长女逝世         ,内马尔:明年最后一届世界杯  ,河南汝州怪鱼被捕获
2 ,父母每月发5千留孩子在家结婚   ,夫妇卖5斤芹菜遭罚6万6 当地被督查,银保监会原则同意辽阳农商行、辽宁太子河村镇银行进入破产程序，这意味着什么？            ,陕西榆林个体户卖5斤芹菜被罚6.6万,小兰花自戕           ,北京漫天晚霞与月牙同框    ,刘翔峰涉嫌严重违法
3 ,山城的灯光战胜了火光       ,事业单位考试现断崖式分差:11人作弊,如何看待国家发改委称「今年后几月到明年一季度，国内物价水平可能比前几月略高一些」？具体原因是什么？,我国水运基础设施规模世界第一    ,空军航空开放活动开秀      ,山西暴雨800头猪被淹仅剩2头,取快递收死亡小老虎
4 ,东方青苍想给息山神女当侍从    ,致敬逆火而行的英雄         ,如何看待专家回应「建议农民县城买房住」，称「前提是不影响生产经营」？               ,专家建议还房贷时间延至40年    ,取快递收到死亡小老虎      ,父母乐观讨论女儿成绩14分  ,龙麻子回应借钱救灾
5 ,网传星汉灿烂下周庆功宴      ,女童游泳馆溺亡 母亲称抢救时受阻  ,陕西榆林一夫妇卖 5 斤芹菜被罚 6.6 万，当地处罚过当被督查，如何从法律角度解读？      ,建议农民县城买房专家：我懂农村   ,鬼吹灯之精绝古城定档      ,全球约2.8亿人患抑郁症   ,搜索十周年免费送礼
6 ,不要建议             ,父母每月发5千留孩子在家结婚    ,专家建议还房贷时间延至 40 年，你认为这能减轻买房负担吗？                   ,青岛一人工湖再捕2条鳄雀鳝     ,李一桐再扮黄蓉         ,从高空看山西水灾有多严重   ,00后盗走玛莎拉蒂
7 ,羽生结弦             ,山西多校分班依据是否购买平板电脑  ,人真的会因为极度悲伤和绝望而一夜白头吗？                             ,河南汝州“怪鱼”被捕获       ,被海底捞分手套餐震撼住了    ,山西洪灾 省长:严防群死群伤 ,多地报告疟疾疫情
8 ,建议农民进城买房专家已被多平台禁言,梅德韦杰夫谈俄使用核武器的4种条件 ,如何看待鲍威尔「放鹰」讲话吓崩美股，道指狂泻千点，马斯克、贝索斯等富豪财富一夜蒸发 5400 亿？,上海男子回应水中钓到鳄雀鳝     ,请叫我杨戬老婆         ,吴京又被逼捐了        ,张照洋高铁站遭殴打
9 ,女子离婚老公和婆婆伪造260万债务,开阔地也易遭雷击！怎么防雷？    ,网友「建议专家不要建议」，这背后反映了哪些真问题？如何从心理学角度解读这一态度？         ,北京多例感染者在返京途中感染    ,专家建议还房贷时间延至40年  ,印军不时侵扰我方巡边线    ,睡眠不足会更自私
10,商贩卖芹菜收入20元被罚6万6  ,十种家暴证据形式          ,安徽南陵一广场突发「雷击伤人」事件，致 2 死 2 伤，雷雨天气如何避免雷击？          ,实拍：长白山下大雪瞬间入冬     ,王东道歉            ,纽卡有了沙特＂金主＂球迷狂喜 ,台军向无人机丢石头
11,业火               ,河南汝州怪鱼捕获！为一雄一雌两条  ,有什么动物长得人畜无害的其实杀伤力爆表？                             ,演员王东被妻子指控家暴 本人回应  ,长白山下雪了          ,福建莆田发生重大刑事案    ,演员王东家暴
12,女护士用男友手背练习扎针     ,普京为何要下令扩军近14万     ,山西多校以是否购买平板电脑为分班标准，如何看待这一分班方式？是否存在违法行为？          ,河南汝州怪鱼被抓前向人发起攻击   ,偷偷藏不住赵露思正脸路透    ,印媒造谣解放军＂越线被扣＂  ,消防员撤离时被强吻
13,王鹤棣哭戏            ,中国首个男子MMA世界冠军     ,如何评价《中国说唱巅峰对决》GAI 表演的《威远故事》?                     ,男子曾扒飞机飞行 生还后患后遗症  ,这是缩小版赵今麦吗       ,美国夏威夷发生6.2级地震  ,美女分析师造假争议
14,董藩回应建议农民在县城买房住   ,辅警发现路牌歪了救人一命      ,Team Ninja 新作《卧龙：苍天陨落》公布中配实机预告，有哪些值得关注的地方？       ,女子从草地里“拔出一大爷”     ,安徽南陵一雷击事故致2死    ,台湾课本辛亥革命只剩364字 ,花旗银行退出俄罗斯
15,苍兰诀              ,00后男子盗窃玛莎拉蒂被判10年  ,你的观点或成果多次被领导据为己有，你是该高兴，还是该担忧？                    ,特朗普私人庄园搜出184份机密文件 ,北京增本土感染者3例      ,一绑架案牵出医卫系统窝案   ,31省份新增250例
16,一看就是大学生坐的车       ,青岛一小区现鳄雀鳝 物业抽水抓捕  ,如何看待四川电力负荷由 5910 万千瓦降至 4700 多万千瓦？持续的高温给社会带来了哪些挑战？,重庆女教师骑摩托救援山火      ,巴基斯坦进入国家紧急状态    ,女硕士网恋陷杀猪盘被骗58万 ,艾辰事件造谣者道歉
17,建议专家建议点有用的       ,南京网红猕猴归山后挨了一顿揍    ,美国为什么不和日本搞氢能源车？却选择了和中国一样搞电车？                     ,全国多地已悄然降下第一场雪     ,小朋友打招呼方式默契又独特   ,中方看不下去对印媒说两字   ,赵俊鹏获世锦赛铜牌
18,消防员说第一次在救火现场吃冰棍  ,世界小姐真假主办方“打架”     ,女朋友宣称能吃出河里野生鱼和池塘里鱼的味道差别，她是在骗我吗？                  ,《玫瑰之战》大结局有哪些意难平   ,夫妇卖菜遭罚6.6万 当地被督查,法国夺得欧国联冠军      ,唐凯夺羽量级金腰带
19,绵阳疫情防控           ,建议农民进城买房专家被多平台禁言  ,我的博士生已经半个月没主动联系我了，他是不是在科研？                       ,专家建议农民在县城买房住      ,沈阳：快递外卖人员禁入小区   ,男子被开除后连划50辆车泄愤 ,吃牛排现异物似尾巴
20,回击恶评还得是北京大妈      ,女子从草地里“拔出一大爷”     ,鲍威尔称美联储未来几个月或将大幅加息，美股闪崩，美国加息将带来哪些影响？             ,重庆统景峡谷回应“百猴过江”奇景  ,石家庄18人初筛阳性      ,国足抵达沙特进行首次训练   ,世锦赛韩悦无缘四强
